mu,baseline,printed,corrected
0.0,0.6428571428571429,0.5,0.6428571428571429
0.01,0.6428571428571429,0.5050206240031815,0.645440718007357
0.02,0.6428571428571429,0.510081650881352,0.6480384632094188
0.03,0.6428571428571429,0.5151817959246597,0.650650501044374
0.04,0.6428571428571429,0.5203197527572456,0.653276955602537
0.05,0.6428571428571429,0.5254941946381758,0.6559179525085466
0.06,0.6428571428571429,0.5307037757941692,0.658573618946961
0.07,0.6428571428571429,0.535947132780824,0.6612440836884057
0.08,0.6428571428571429,0.5412228858689573,0.6639294771162904
0.09,0.6428571428571429,0.5465296404526009,0.666629931254109
0.1,0.6428571428571429,0.5518659884751408,0.669345579793341
0.11,0.6428571428571429,0.5572305098700493,0.6720765581219673
0.12,0.6428571428571429,0.562621774012638,0.6748230033536207
0.13,0.6428571428571429,0.5680383411792538,0.6775850543573866
0.14,0.6428571428571429,0.5734787640103514,0.6803628517882735
0.15,0.6428571428571429,0.5789415889739066,0.6831565381183702
0.16,0.6428571428571429,0.5844253578256752,0.6859662576687117
0.17,0.6428571428571429,0.589928609062863,0.6887921566418712
0.18,0.6428571428571429,0.5954498793678472,0.6916343831553012
0.19,0.6428571428571429,0.6009877050386749,0.6944930872754436
0.2,0.6428571428571429,0.6065406234031682,0.6973684210526315
0.21,0.6428571428571429,0.6121071742135759,0.7002605385568069
0.22,0.6428571428571429,0.6176859010188395,0.7031695959140755
0.23,0.6428571428571429,0.6232753525116714,0.7060957513441256
0.24,0.6428571428571429,0.6288740838477911,0.7090391651985364
0.25,0.6428571428571429,0.6344806579348157,0.712
0.26,0.6428571428571429,0.640093646688459,0.714978420482487
0.27,0.6428571428571429,0.6457116322538599,0.7179745936323829
0.28,0.6428571428571429,0.6513332081900273,0.7209886887306242
0.29,0.6428571428571429,0.6569569806155665,0.7240208773958658
0.3,0.6428571428571429,0.662581569314022,0.7270713336287107
0.31,0.6428571428571429,0.6682056087973505,0.7301402338570337
0.32,0.6428571428571429,0.6738277493262178,0.7332277569824359
0.33,0.6428571428571429,0.679446657885984,0.736334084427861
0.34,0.6428571428571429,0.6850610191174201,0.7394594001864138
0.35,0.6428571428571429,0.690669536201371,0.7426038908714171
0.36,0.6428571428571429,0.6962709316967451,0.7457677457677457
0.37,0.6428571428571429,0.7018639483313817,0.7489511568844799
0.38,0.6428571428571429,0.7074473497454985,0.7521543190089189
0.39,0.6428571428571429,0.7130199211875853,0.755377429762001
0.4,0.6428571428571429,0.7185804701627486,0.7586206896551724
0.41,0.6428571428571429,0.7241278270336621,0.7618843021487571
0.42,0.6428571428571429,0.729660845574405,0.765168473711872
0.43,0.6428571428571429,0.7351784034776044,0.7684734138839424
0.44,0.6428571428571429,0.7406794028154108,0.7717993353378699
0.45,0.6428571428571429,0.7461627704549526,0.7751464539449084
0.46,0.6428571428571429,0.7516274584290186,0.7785149888413052
0.47,0.6428571428571429,0.757072444262809,0.7819051624967693
0.48,0.6428571428571429,0.7624967312576905,0.7853172007848267
0.49,0.6428571428571429,0.7678993487329625,0.7887513330551306
0.5,0.6428571428571429,0.7732793522267206,0.7922077922077922
0.51,0.6428571428571429,0.7786358236569603,0.7956868147698045
0.52,0.6428571428571429,0.7839678714441255,0.7991886409736308
0.53,0.6428571428571429,0.7892746305963521,0.8027135148380361
0.54,0.6428571428571429,0.7945552627586976,0.8062616842512409
0.55,0.6428571428571429,0.7998089562276838,0.809833401056481
0.56,0.6428571428571429,0.8050349259325049,0.8134289211400595
0.57,0.6428571428571429,0.810232413384277,0.8170485045219816
0.58,0.6428571428571429,0.8154006865947163,0.8206924154492695
0.59,0.6428571428571429,0.8205390399656457,0.8243609224920518
0.6,0.6428571428571429,0.8256467941507312,0.8280542986425339
0.61,0.6428571428571429,0.8307232958908484,0.8317728214169562
0.62,0.6428571428571429,0.8357679178244743,0.8355167729606521
0.63,0.6428571428571429,0.8407800582744878,0.8392864401563235
0.64,0.6428571428571429,0.8457591410127471,0.8430821147356581
0.65,0.6428571428571429,0.8507046150037979,0.8469040933944141
0.66,0.6428571428571429,0.8556159541290396,0.8507526779111101
0.67,0.6428571428571429,0.8604926568926556,0.8546281752694578
0.68,0.6428571428571429,0.8653342461105862,0.8585308977846872
0.69,0.6428571428571429,0.8701402685837916,0.8624611632339153
0.7,0.6428571428571429,0.8749102947570232,0.8664192949907236
0.71,0.6428571428571429,0.8796439183642857,0.8704056221641088
0.72,0.6428571428571429,0.8843407560621397,0.8744204797419876
0.73,0.6428571428571429,0.8890004470519568,0.8784642087394381
0.74,0.6428571428571429,0.893622652692204,0.8825371563518751
0.75,0.6428571428571429,0.898207056101793,0.8866396761133604
0.76,0.6428571428571429,0.9027533617554971,0.8907721280602636
0.77,0.6428571428571429,0.9072612950723936,0.8949348789004997
0.78,0.6428571428571429,0.9117306019982535,0.8991283021885746
0.79,0.6428571428571429,0.9161610485827633,0.9033527785066914
0.8,0.6428571428571429,0.9205524205524206,0.907608695652174
0.81,0.6428571428571429,0.9249045228799089,0.9118964488314824
0.82,0.6428571428571429,0.9292171793507199,0.9162164408611088
0.83,0.6428571428571429,0.9334902321277505,0.9205690823756532
0.84,0.6428571428571429,0.9377235413145686,0.9249547920433996
0.85,0.6428571428571429,0.9419169845180017,0.9293739967897271
0.86,0.6428571428571429,0.9460704564106686,0.9338271320287056
0.87,0.6428571428571429,0.950183868294041,0.938314641903251
0.88,0.6428571428571429,0.9542571476625826,0.9428369795342273
0.89,0.6428571428571429,0.9582902377694872,0.947394607278911
0.9,0.6428571428571429,0.9622830971944992,0.9519879969992499
0.91,0.6428571428571429,0.9662356994142732,0.9566176303403743
0.92,0.6428571428571429,0.9701480323756955,0.9612839990198481
0.93,0.6428571428571429,0.9740200980725643,0.9659876051281655
0.94,0.6428571428571429,0.9778519121259963,0.9707289614410357
0.95,0.6428571428571429,0.9816435033688995,0.9755085917440253
0.96,0.6428571428571429,0.9853949134348269,0.9803270311701584
0.97,0.6428571428571429,0.9891061963515024,0.9851848265511147
0.98,0.6428571428571429,0.9927774181392824,0.9900825367826966
0.99,0.6428571428571429,0.9964086564147984,0.9950207332052794
1.0,0.6428571428571429,1.0,1.0
